{"cut_nBTags":{"0":0,"1":2,"2":2,"3":2,"4":2,"5":2,"6":2,"7":2,"8":2,"9":2,"10":2,"11":2,"12":2,"13":2,"14":2,"15":2,"16":2,"17":2,"18":2,"19":2,"20":2,"21":2},"cut_NJets":{"0":0,"1":4,"2":4,"3":4,"4":4,"5":4,"6":4,"7":4,"8":4,"9":4,"10":4,"11":4,"12":4,"13":4,"14":4,"15":4,"16":4,"17":4,"18":4,"19":4,"20":4,"21":4},"cut_MET":{"0":0.0,"1":0.0,"2":10.0,"3":20.0,"4":30.0,"5":40.0,"6":50.0,"7":60.0,"8":70.0,"9":80.0,"10":90.0,"11":100.0,"12":110.0,"13":120.0,"14":130.0,"15":140.0,"16":150.0,"17":160.0,"18":170.0,"19":180.0,"20":190.0,"21":200.0},"cut_muonPT":{"0":0,"1":25,"2":25,"3":25,"4":25,"5":25,"6":25,"7":25,"8":25,"9":25,"10":25,"11":25,"12":25,"13":25,"14":25,"15":25,"16":25,"17":25,"18":25,"19":25,"20":25,"21":25},"score":{"0":0.0,"1":17.4,"2":17.4,"3":17.371728249,"4":17.393538337,"5":17.2956834199,"6":17.1528483714,"7":17.0889266372,"8":16.9087674628,"9":16.8604627564,"10":16.6186422944,"11":16.4098402534,"12":16.0935694049,"13":15.8578241961,"14":15.663525521,"15":15.1447560681,"16":14.9670935351,"17":14.5666882234,"18":14.2248326761,"19":13.680122404,"20":13.2705251444,"21":12.6850947142},"score_W":{"0":0.0,"1":8.8217818338,"2":8.8217818338,"3":8.8215517436,"4":8.8507091896,"5":8.7828835804,"6":8.7297673851,"7":8.6968513217,"8":8.5955507734,"9":8.5712320882,"10":8.4572323886,"11":8.3425286104,"12":8.1841425427,"13":8.0592506428,"14":7.9930617179,"15":7.7341181861,"16":7.6561619902,"17":7.465032322,"18":7.2922872804,"19":7.0066405417,"20":6.8198219048,"21":6.5184142188}}