{"Eta_cut_low":{"0":0.8},"Eta_cut_high":{"0":1.5},"N_p":{"0":[35117.3760101026,159.3925970677]},"N_m":{"0":[25508.6352122264,136.8502831564]},"asymmetry":{"0":[15.8492049933,0.3425387108]}}