{"Eta_cut_low":{"0":0},"Eta_cut_high":{"0":0.4},"N_p":{"0":[20053.3536417343,120.012499349]},"N_m":{"0":[15769.8880901086,107.0887482418]},"asymmetry":{"0":[11.9572248198,0.4461049871]}}