{"Eta_cut_low":{"0":1.5},"Eta_cut_high":{"0":1.8},"N_p":{"0":[381.4100292323,5.5696654682]},"N_m":{"0":[258.4616525818,4.7240602377]},"asymmetry":{"0":[0.1921453631,0.0112655012]}}