{"Eta_cut_low":{"0":1.8},"Eta_cut_high":{"0":2.1},"N_p":{"0":[13721.7028792498,99.352906349]},"N_m":{"0":[8678.5451370768,80.7712820252]},"asymmetry":{"0":[22.5138477864,0.5597045367]}}