{"Eta_cut_low":{"0":1.5},"Eta_cut_high":{"0":1.8},"N_p":{"0":[14663.5573206746,102.9223007905]},"N_m":{"0":[9623.7981178447,84.7938677028]},"asymmetry":{"0":[20.7505474015,0.5389890156]}}