{"Eta_cut_low":{"0":0.8},"Eta_cut_high":{"0":1.5},"N_p":{"0":[909.2518424434,8.7882122659]},"N_m":{"0":[671.5280541299,7.3764306935]},"asymmetry":{"0":[0.1503838636,0.0071502672]}}