{"Eta_cut_low":{"0":0.4},"Eta_cut_high":{"0":0.8},"N_p":{"0":[21519.6491943341,124.0282225947]},"N_m":{"0":[16418.54484546,109.4714574672]},"asymmetry":{"0":[13.4458280843,0.432697485]}}