{"Eta_cut_low":{"0":0},"Eta_cut_high":{"0":0.4},"N_p":{"0":[513.4379894555,6.4356946345]},"N_m":{"0":[408.8771730802,5.8070729476]},"asymmetry":{"0":[0.1133677734,0.0093496057]}}