{"Eta_cut_low":{"0":0.4},"Eta_cut_high":{"0":0.8},"N_p":{"0":[547.1290748916,6.8370017646]},"N_m":{"0":[428.3192747186,5.870710212]},"asymmetry":{"0":[0.121800196,0.0091362887]}}