{"cut_nBTags":{"0":0,"1":2,"2":2,"3":2,"4":2,"5":2,"6":2},"cut_NJets":{"0":0,"1":4,"2":4,"3":4,"4":4,"5":4,"6":4},"cut_MET":{"0":0,"1":30,"2":30,"3":30,"4":30,"5":30,"6":30},"cut_muonPT":{"0":0.0,"1":20.0,"2":21.0,"3":22.0,"4":23.0,"5":24.0,"6":25.0},"score":{"0":0.0,"1":17.3782906965,"2":17.3782906965,"3":17.3782906965,"4":17.4,"5":17.393538337,"6":17.393538337},"score_W":{"0":0.0,"1":8.8611832523,"2":8.8611832523,"3":8.8611832523,"4":8.8640302932,"5":8.8507091896,"6":8.8507091896}}