{"cut_nBTags":{"0":0,"1":2,"2":2,"3":2,"4":2,"5":2,"6":2,"7":2,"8":2,"9":2,"10":2,"11":2},"cut_NJets":{"0":0,"1":4,"2":4,"3":4,"4":4,"5":4,"6":4,"7":4,"8":4,"9":4,"10":4,"11":4},"cut_MET":{"0":0,"1":30,"2":30,"3":30,"4":30,"5":30,"6":30,"7":30,"8":30,"9":30,"10":30,"11":30},"cut_muonPT":{"0":0.0,"1":25.0,"2":26.0,"3":27.0,"4":28.0,"5":29.0,"6":30.0,"7":31.0,"8":32.0,"9":33.0,"10":34.0,"11":35.0},"score":{"0":0.0,"1":17.393538337,"2":17.3369023132,"3":17.1945390724,"4":16.9354332842,"5":16.812166314,"6":16.5768959175,"7":16.3684210526,"8":16.3311574578,"9":16.1425790115,"10":16.0437806813,"11":15.9209926156},"score_W":{"0":0.0,"1":8.8507091896,"2":8.8179595671,"3":8.7419087969,"4":8.6354383277,"5":8.5962099179,"6":8.5129727254,"7":8.4207229239,"8":8.3943825238,"9":8.3044518441,"10":8.2581296771,"11":8.2077010869}}