{"Eta_cut_low":{"0":1.8},"Eta_cut_high":{"0":2.1},"N_p":{"0":[363.2221124226,1.2582838477]},"N_m":{"0":[238.8992912741,5.976089349]},"asymmetry":{"0":[0.206474675,0.012088608]}}