{"cut_nBTags":{"0":0.0,"1":0.0,"2":1.0,"3":2.0,"4":3.0,"5":4.0},"cut_NJets":{"0":0,"1":4,"2":4,"3":4,"4":4,"5":4},"cut_MET":{"0":0,"1":30,"2":30,"3":30,"4":30,"5":30},"cut_muonPT":{"0":0,"1":25,"2":25,"3":25,"4":25,"5":25},"score":{"0":0.0,"1":28.6369608845,"2":26.8388104595,"3":17.4217908664,"4":5.0137741308,"5":1.0},"score_err":{"0":0.0,"1":0.5437338752,"2":0.5365492788,"3":0.5267050455,"4":0.5162594723,"5":0.5},"score_W":{"0":0.0,"1":12.6761333215,"2":13.379233008,"3":8.8661702903,"4":2.486156651,"5":0.1636808987},"score_W_err":{"0":0.0,"1":0.5426432609,"2":0.5257839902,"3":0.5102875599,"4":0.5034689041,"5":0.5}}