{"cut_nBTags":{"0":0,"1":2},"cut_NJets":{"0":0,"1":4},"cut_MET":{"0":0,"1":25},"cut_muonPT":{"0":0,"1":25},"score":{"0":0.0,"1":17.4217908664},"score_W":{"0":0.0,"1":8.8661702903}}