{"cut_nBTags":{"0":0,"1":0,"2":0,"3":0,"4":0,"5":0,"6":0,"7":0,"8":0,"9":0,"10":0,"11":1,"12":1,"13":1,"14":1,"15":1,"16":1,"17":1,"18":1,"19":1,"20":1,"21":2,"22":2,"23":2,"24":2,"25":2,"26":2,"27":2,"28":2,"29":2,"30":0,"31":3,"32":3,"33":3,"34":3,"35":3,"36":3,"37":3,"38":3},"cut_NJets":{"0":0,"1":0,"2":1,"3":2,"4":3,"5":4,"6":5,"7":6,"8":7,"9":8,"10":9,"11":0,"12":1,"13":2,"14":3,"15":4,"16":5,"17":6,"18":7,"19":8,"20":9,"21":0,"22":1,"23":2,"24":3,"25":4,"26":5,"27":6,"28":7,"29":8,"30":0,"31":0,"32":1,"33":2,"34":3,"35":4,"36":5,"37":6,"38":7},"cut_MET":{"0":0,"1":30,"2":30,"3":30,"4":30,"5":30,"6":30,"7":30,"8":30,"9":30,"10":30,"11":30,"12":30,"13":30,"14":30,"15":30,"16":30,"17":30,"18":30,"19":30,"20":30,"21":30,"22":30,"23":30,"24":30,"25":30,"26":30,"27":30,"28":30,"29":30,"30":0,"31":30,"32":30,"33":30,"34":30,"35":30,"36":30,"37":30,"38":30},"cut_muonPT":{"0":0,"1":25,"2":25,"3":25,"4":25,"5":25,"6":25,"7":25,"8":25,"9":25,"10":25,"11":25,"12":25,"13":25,"14":25,"15":25,"16":25,"17":25,"18":25,"19":25,"20":25,"21":25,"22":25,"23":25,"24":25,"25":25,"26":25,"27":25,"28":25,"29":25,"30":0,"31":25,"32":25,"33":25,"34":25,"35":25,"36":25,"37":25,"38":25},"score":{"0":0.0,"1":23.3294298062,"2":23.3294298062,"3":30.2071403856,"4":34.096766323,"5":28.6369608845,"6":17.491329621,"7":9.4208246977,"8":4.6423834544,"9":2.5298221281,"10":0.7071067812,"11":33.0214131181,"12":33.0214131181,"13":34.8467482521,"14":34.2154773362,"15":26.8388104595,"16":16.0749114392,"17":8.7,"18":4.5106711082,"19":2.6666666667,"20":1.0,"21":23.6888952822,"22":23.6888952822,"23":23.6888952822,"24":22.4077525394,"25":17.4217908664,"26":10.825439522,"27":5.9346029518,"28":2.7136021012,"29":1.5,"30":0.0,"31":5.5,"32":5.5,"33":5.5,"34":5.5,"35":5.0137741308,"36":3.1754264805,"37":1.788854382,"38":1.4142135624},"score_err":{"0":0.0,"1":0.3717028865,"2":0.3717028865,"3":0.4631843098,"4":0.5329821583,"5":0.5437338752,"6":0.537540221,"7":0.5332903104,"8":0.5292405265,"9":0.5403702434,"10":0.5590169944,"11":0.523683515,"12":0.523683515,"13":0.5369043676,"14":0.5440137328,"15":0.5365492788,"16":0.5306199867,"17":0.5272651136,"18":0.5254666089,"19":0.5263952001,"20":0.5,"21":0.5421529937,"22":0.5421529937,"23":0.5421529937,"24":0.5360245955,"25":0.5267050455,"26":0.5203331656,"27":0.5169814045,"28":0.5376507878,"29":0.5519850541,"30":0.0,"31":0.5191175442,"32":0.5191175442,"33":0.5191175442,"34":0.5191175442,"35":0.5162594723,"36":0.5201384253,"37":0.5440588203,"38":0.5},"score_W":{"0":0.0,"1":5.9231835503,"2":5.9231835503,"3":9.7484993205,"4":13.5612183644,"5":12.6761333215,"6":8.2638267771,"7":4.6118363191,"8":2.05327163,"9":0.9048727976,"10":0.1652664564,"11":15.4761236249,"12":15.4761236249,"13":17.492562859,"14":17.3484886196,"15":13.379233008,"16":8.2513844163,"17":4.490488539,"18":2.3181640172,"19":1.3714312802,"20":0.5287201896,"21":12.5270897597,"22":12.5270897597,"23":12.5270897597,"24":11.6464354431,"25":8.8661702903,"26":5.4426555696,"27":2.9592194074,"28":1.4045715002,"29":0.7240264505,"30":0.0,"31":2.7457766696,"32":2.7457766696,"33":2.7457766696,"34":2.7457766696,"35":2.486156651,"36":1.5924548044,"37":0.899638055,"38":0.6185234014},"score_W_err":{"0":0.0,"1":0.2102412789,"2":0.2102412789,"3":0.342228076,"4":0.4900949256,"5":0.5426432609,"6":0.5401596907,"7":0.5298386764,"8":0.5495849575,"9":0.5257345678,"10":0.3099923902,"11":0.5199007609,"12":0.5199007609,"13":0.5423065574,"14":0.5388894397,"15":0.5257839902,"16":0.5122713923,"17":0.5073674752,"18":0.5071095443,"19":0.5100781531,"20":0.5,"21":0.5234468543,"22":0.5234468543,"23":0.5234468543,"24":0.5154874604,"25":0.5102875599,"26":0.5093835516,"27":0.5036613057,"28":0.5128902602,"29":0.5493288467,"30":0.0,"31":0.5051934204,"32":0.5051934204,"33":0.5051934204,"34":0.5051934204,"35":0.5034689041,"36":0.5054343845,"37":0.5233024486,"38":0.5}}