{"cut_nBTags":{"0":0,"1":2,"2":2,"3":2,"4":2,"5":2,"6":2,"7":2,"8":2,"9":2,"10":2,"11":2,"12":2,"13":2,"14":2,"15":2,"16":2,"17":2,"18":2,"19":2,"20":2,"21":2,"22":2,"23":2,"24":2,"25":2,"26":2,"27":2,"28":2,"29":2,"30":2,"31":2,"32":2,"33":2,"34":2,"35":2,"36":2,"37":2,"38":2,"39":2,"40":2,"41":2},"cut_NJets":{"0":0,"1":4,"2":4,"3":4,"4":4,"5":4,"6":4,"7":4,"8":4,"9":4,"10":4,"11":4,"12":4,"13":4,"14":4,"15":4,"16":4,"17":4,"18":4,"19":4,"20":4,"21":4,"22":4,"23":4,"24":4,"25":4,"26":4,"27":4,"28":4,"29":4,"30":4,"31":4,"32":4,"33":4,"34":4,"35":4,"36":4,"37":4,"38":4,"39":4,"40":4,"41":4},"cut_MET":{"0":0.0,"1":0.0,"2":5.0,"3":10.0,"4":15.0,"5":20.0,"6":25.0,"7":30.0,"8":35.0,"9":40.0,"10":45.0,"11":50.0,"12":55.0,"13":60.0,"14":65.0,"15":70.0,"16":75.0,"17":80.0,"18":85.0,"19":90.0,"20":95.0,"21":100.0,"22":105.0,"23":110.0,"24":115.0,"25":120.0,"26":125.0,"27":130.0,"28":135.0,"29":140.0,"30":145.0,"31":150.0,"32":155.0,"33":160.0,"34":165.0,"35":170.0,"36":175.0,"37":180.0,"38":185.0,"39":190.0,"40":195.0,"41":200.0},"cut_muonPT":{"0":0,"1":25,"2":25,"3":25,"4":25,"5":25,"6":25,"7":25,"8":25,"9":25,"10":25,"11":25,"12":25,"13":25,"14":25,"15":25,"16":25,"17":25,"18":25,"19":25,"20":25,"21":25,"22":25,"23":25,"24":25,"25":25,"26":25,"27":25,"28":25,"29":25,"30":25,"31":25,"32":25,"33":25,"34":25,"35":25,"36":25,"37":25,"38":25,"39":25,"40":25,"41":25},"score":{"0":0.0,"1":17.4282283134,"2":17.4282283134,"3":17.4282283134,"4":17.4282283134,"5":17.4,"6":17.4217908664,"7":17.4217908664,"8":17.3369023132,"9":17.3241161391,"10":17.2386843032,"11":17.1815055908,"12":17.1528483714,"13":17.1177003653,"14":17.0312406446,"15":16.9378471674,"16":16.9250766918,"17":16.8896675386,"18":16.7431578065,"19":16.6482673113,"20":16.4996351578,"21":16.4398237907,"22":16.2288323671,"23":16.1241474368,"24":15.9639745943,"25":15.8888888889,"26":15.7642792414,"27":15.6949762179,"28":15.3777064678,"29":15.1772524947,"30":15.1051867472,"31":15.0,"32":14.8347707274,"33":14.6004549655,"34":14.4989302399,"35":14.2593684297,"36":13.9648016912,"37":13.716013716,"38":13.4908919893,"39":13.3074926903,"40":13.0,"41":12.7237383861},"score_err":{"0":0.0,"1":0.5270106347,"2":0.5270106347,"3":0.5270106347,"4":0.5270106347,"5":0.5270639786,"6":0.5267050455,"7":0.5267050455,"8":0.5268654434,"9":0.5262368509,"10":0.5263984807,"11":0.5265072573,"12":0.5265619557,"13":0.5262930318,"14":0.5264587064,"15":0.5262956465,"16":0.525614973,"17":0.5253204139,"18":0.5256025807,"19":0.5254158547,"20":0.5257067026,"21":0.5258247822,"22":0.5262460987,"23":0.5256844239,"24":0.5256095594,"25":0.5249368189,"26":0.5251906566,"27":0.5249049341,"28":0.5255649636,"29":0.5255484802,"30":0.5252487076,"31":0.52500883,"32":0.5253667894,"33":0.5258842889,"34":0.5261121249,"35":0.5266584327,"36":0.5263545801,"37":0.5269458681,"38":0.5269716065,"39":0.5274241943,"40":0.5276596359,"41":0.527814298},"score_W":{"0":0.0,"1":8.8372845242,"2":8.8372845242,"3":8.8372845242,"4":8.8372845242,"5":8.8370548341,"6":8.8661702903,"7":8.8661702903,"8":8.8242256578,"9":8.79846491,"10":8.7657176485,"11":8.7454427179,"12":8.7407281971,"13":8.7125864101,"14":8.6686601814,"15":8.6114703592,"16":8.5998444952,"17":8.5871992545,"18":8.5284428706,"19":8.4734136242,"20":8.3933228964,"21":8.3589304377,"22":8.2572814744,"23":8.2008608615,"24":8.1214049052,"25":8.0762343462,"26":8.0238019369,"27":8.0101939192,"28":7.8566133616,"29":7.7518217391,"30":7.7239374224,"31":7.6740459376,"32":7.6094830398,"33":7.4833712759,"34":7.42791378,"35":7.3110577226,"36":7.1445911542,"37":7.0261734602,"38":6.9264983582,"39":6.8398875052,"40":6.6957863653,"41":6.5394044222},"score_W_err":{"0":0.0,"1":0.5116858393,"2":0.5116858393,"3":0.5116858393,"4":0.5116858393,"5":0.5116863586,"6":0.5102875599,"7":0.5102875599,"8":0.51037317,"9":0.5101132934,"10":0.5101796199,"11":0.510220996,"12":0.5102306515,"13":0.5101322051,"14":0.5102223653,"15":0.5102346452,"16":0.5099507847,"17":0.509814845,"18":0.5099342952,"19":0.5099449708,"20":0.5101124394,"21":0.5101855902,"22":0.5104062539,"23":0.5102355076,"24":0.5093788549,"25":0.5091047174,"26":0.5092111921,"27":0.5075043848,"28":0.5077746465,"29":0.5077121427,"30":0.5077360354,"31":0.507599911,"32":0.5077182847,"33":0.5079573505,"34":0.5080658878,"35":0.5083017202,"36":0.5081752886,"37":0.5084273671,"38":0.5083802852,"39":0.5085738141,"40":0.5086096196,"41":0.5086349892}}