{"cut_nBTags":{"0":0,"1":2,"2":2,"3":2,"4":2,"5":2,"6":2,"7":2,"8":2,"9":2,"10":2,"11":2,"12":2,"13":2,"14":2,"15":2,"16":2,"17":2,"18":2,"19":2,"20":2,"21":2,"22":2,"23":2,"24":2,"25":2,"26":2,"27":2,"28":2,"29":2,"30":2,"31":2,"32":2,"33":2,"34":2,"35":2,"36":2,"37":2,"38":2,"39":2,"40":2,"41":2},"cut_NJets":{"0":0,"1":4,"2":4,"3":4,"4":4,"5":4,"6":4,"7":4,"8":4,"9":4,"10":4,"11":4,"12":4,"13":4,"14":4,"15":4,"16":4,"17":4,"18":4,"19":4,"20":4,"21":4,"22":4,"23":4,"24":4,"25":4,"26":4,"27":4,"28":4,"29":4,"30":4,"31":4,"32":4,"33":4,"34":4,"35":4,"36":4,"37":4,"38":4,"39":4,"40":4,"41":4},"cut_MET":{"0":0,"1":30,"2":30,"3":30,"4":30,"5":30,"6":30,"7":30,"8":30,"9":30,"10":30,"11":30,"12":30,"13":30,"14":30,"15":30,"16":30,"17":30,"18":30,"19":30,"20":30,"21":30,"22":30,"23":30,"24":30,"25":30,"26":30,"27":30,"28":30,"29":30,"30":30,"31":30,"32":30,"33":30,"34":30,"35":30,"36":30,"37":30,"38":30,"39":30,"40":30,"41":30},"cut_muonPT":{"0":0.0,"1":0.0,"2":5.0,"3":10.0,"4":15.0,"5":20.0,"6":25.0,"7":30.0,"8":35.0,"9":40.0,"10":45.0,"11":50.0,"12":55.0,"13":60.0,"14":65.0,"15":70.0,"16":75.0,"17":80.0,"18":85.0,"19":90.0,"20":95.0,"21":100.0,"22":105.0,"23":110.0,"24":115.0,"25":120.0,"26":125.0,"27":130.0,"28":135.0,"29":140.0,"30":145.0,"31":150.0,"32":155.0,"33":160.0,"34":165.0,"35":170.0,"36":175.0,"37":180.0,"38":185.0,"39":190.0,"40":195.0,"41":200.0},"score":{"0":0.0,"1":17.4629026882,"2":17.4629026882,"3":17.4629026882,"4":17.4347418485,"5":17.4065379151,"6":17.4217908664,"7":16.5768959175,"8":15.9209926156,"9":15.2047789696,"10":14.2062607278,"11":13.3529967052,"12":12.7058521653,"13":11.9703581268,"14":11.4707866935,"15":10.7319381588,"16":10.1349670573,"17":9.5115490441,"18":8.9664964313,"19":8.161983676,"20":7.7885917958,"21":7.25,"22":6.6680554109,"23":6.3639610307,"24":6.0451202024,"25":5.4251665811,"26":5.2223296787,"27":4.9295030175,"28":4.6188021535,"29":4.0508136108,"30":3.5355339059,"31":3.3954987505,"32":2.5980762114,"33":2.4120907566,"34":2.2135943621,"35":2.3333333333,"36":2.3333333333,"37":2.3333333333,"38":1.889822365,"39":1.5,"40":1.5,"41":1.4142135624},"score_err":{"0":0.0,"1":0.527257558,"2":0.527257558,"3":0.527257558,"4":0.5273107689,"5":0.5273641692,"6":0.5267050455,"7":0.5280198499,"8":0.5283377102,"9":0.5287773065,"10":0.527719816,"11":0.527833853,"12":0.5266869954,"13":0.5273967431,"14":0.5259523043,"15":0.5256332453,"16":0.5245630108,"17":0.5243309913,"18":0.5249641519,"19":0.5280888804,"20":0.5210463982,"21":0.5209281326,"22":0.5207641701,"23":0.5222068556,"24":0.523856565,"25":0.5238709795,"26":0.5206720887,"27":0.5224940191,"28":0.5246550459,"29":0.5292886796,"30":0.5343162239,"31":0.5358128974,"32":0.5448623679,"33":0.5468302211,"34":0.548634669,"35":0.543385213,"36":0.543385213,"37":0.543385213,"38":0.5499801216,"39":0.5519850541,"40":0.5519850541,"41":0.5},"score_W":{"0":0.0,"1":8.8840135804,"2":8.8840135804,"3":8.8840135804,"4":8.8840135804,"5":8.8766245446,"6":8.8661702903,"7":8.5129727254,"8":8.2077010869,"9":7.8507692577,"10":7.2589309111,"11":6.8185730922,"12":6.4148924962,"13":6.0128801892,"14":5.7019799534,"15":5.3964679122,"16":5.0628840572,"17":4.7320787511,"18":4.4572217346,"19":4.1268868781,"20":3.8814875492,"21":3.5860560558,"22":3.2974373215,"23":3.1339287116,"24":3.0232227698,"25":2.7605655867,"26":2.6299062092,"27":2.4804044015,"28":2.3126737516,"29":2.0700001755,"30":1.7706690803,"31":1.6881632882,"32":1.3382769643,"33":1.3072882759,"34":1.2447936344,"35":1.2702144633,"36":1.2702144633,"37":1.2702144633,"38":1.028119043,"39":0.7365209442,"40":0.7365209442,"41":0.7612663686},"score_W_err":{"0":0.0,"1":0.5105318367,"2":0.5105318367,"3":0.5105318367,"4":0.5105318367,"5":0.5105471097,"6":0.5102875599,"7":0.5095974777,"8":0.5096699262,"9":0.5099701699,"10":0.5096658544,"11":0.5099685352,"12":0.509975348,"13":0.5106462469,"14":0.5102558693,"15":0.5101091432,"16":0.5099710713,"17":0.5101371624,"18":0.5076878679,"19":0.5088856481,"20":0.506253167,"21":0.5061540976,"22":0.5058087462,"23":0.506434642,"24":0.5069173281,"25":0.5064803425,"26":0.5067961765,"27":0.5076720743,"28":0.5088713989,"29":0.5111682716,"30":0.5154427503,"31":0.517043561,"32":0.5273690687,"33":0.5286818545,"34":0.5316091915,"35":0.5205506072,"36":0.5205506072,"37":0.5205506072,"38":0.532976004,"39":0.5509751737,"40":0.5509751737,"41":0.5}}