{"cut_nBTags":{"0":0.0,"1":3.0,"2":3.0,"3":3.0,"4":3.0,"5":3.0,"6":3.0,"7":3.0,"8":3.0},"cut_NJets":{"0":0.0,"1":0.0,"2":1.0,"3":2.0,"4":3.0,"5":4.0,"6":5.0,"7":6.0,"8":7.0},"cut_MET":{"0":0,"1":30,"2":30,"3":30,"4":30,"5":30,"6":30,"7":30,"8":30},"cut_muonPT":{"0":0,"1":25,"2":25,"3":25,"4":25,"5":25,"6":25,"7":25,"8":25},"score":{"0":0.0,"1":5.5,"2":5.5,"3":5.5,"4":5.5,"5":5.0137741308,"6":3.1754264805,"7":1.788854382,"8":1.4142135624},"score_err":{"0":0.0,"1":0.5191175442,"2":0.5191175442,"3":0.5191175442,"4":0.5191175442,"5":0.5162594723,"6":0.5201384253,"7":0.5440588203,"8":0.5},"score_W":{"0":0.0,"1":2.7457766696,"2":2.7457766696,"3":2.7457766696,"4":2.7457766696,"5":2.486156651,"6":1.5924548044,"7":0.899638055,"8":0.6185234014},"score_W_err":{"0":0.0,"1":0.5051934204,"2":0.5051934204,"3":0.5051934204,"4":0.5051934204,"5":0.5034689041,"6":0.5054343845,"7":0.5233024486,"8":0.5}}