{"cut_nBTags":{"0":0.0,"1":0.0,"2":0.0,"3":0.0,"4":0.0,"5":0.0,"6":0.0,"7":0.0,"8":0.0,"9":0.0,"10":0.0,"11":1.0,"12":1.0,"13":1.0,"14":1.0,"15":1.0,"16":1.0,"17":1.0,"18":1.0,"19":1.0,"20":1.0,"21":2.0,"22":2.0,"23":2.0,"24":2.0,"25":2.0,"26":2.0,"27":2.0,"28":2.0,"29":2.0},"cut_NJets":{"0":0.0,"1":0.0,"2":1.0,"3":2.0,"4":3.0,"5":4.0,"6":5.0,"7":6.0,"8":7.0,"9":8.0,"10":9.0,"11":0.0,"12":1.0,"13":2.0,"14":3.0,"15":4.0,"16":5.0,"17":6.0,"18":7.0,"19":8.0,"20":9.0,"21":0.0,"22":1.0,"23":2.0,"24":3.0,"25":4.0,"26":5.0,"27":6.0,"28":7.0,"29":8.0},"cut_MET":{"0":0,"1":30,"2":30,"3":30,"4":30,"5":30,"6":30,"7":30,"8":30,"9":30,"10":30,"11":30,"12":30,"13":30,"14":30,"15":30,"16":30,"17":30,"18":30,"19":30,"20":30,"21":30,"22":30,"23":30,"24":30,"25":30,"26":30,"27":30,"28":30,"29":30},"cut_muonPT":{"0":0,"1":25,"2":25,"3":25,"4":25,"5":25,"6":25,"7":25,"8":25,"9":25,"10":25,"11":25,"12":25,"13":25,"14":25,"15":25,"16":25,"17":25,"18":25,"19":25,"20":25,"21":25,"22":25,"23":25,"24":25,"25":25,"26":25,"27":25,"28":25,"29":25},"score":{"0":0.0,"1":23.3294298062,"2":23.3294298062,"3":30.2071403856,"4":34.096766323,"5":28.6369608845,"6":17.491329621,"7":9.4208246977,"8":4.6423834544,"9":2.5298221281,"10":0.7071067812,"11":33.0214131181,"12":33.0214131181,"13":34.8467482521,"14":34.2154773362,"15":26.8388104595,"16":16.0749114392,"17":8.7,"18":4.5106711082,"19":2.6666666667,"20":1.0,"21":23.6888952822,"22":23.6888952822,"23":23.6888952822,"24":22.4077525394,"25":17.4217908664,"26":10.825439522,"27":5.9346029518,"28":2.7136021012,"29":1.5},"score_err":{"0":0.0,"1":0.3717028865,"2":0.3717028865,"3":0.4631843098,"4":0.5329821583,"5":0.5437338752,"6":0.537540221,"7":0.5332903104,"8":0.5292405265,"9":0.5403702434,"10":0.5590169944,"11":0.523683515,"12":0.523683515,"13":0.5369043676,"14":0.5440137328,"15":0.5365492788,"16":0.5306199867,"17":0.5272651136,"18":0.5254666089,"19":0.5263952001,"20":0.5,"21":0.5421529937,"22":0.5421529937,"23":0.5421529937,"24":0.5360245955,"25":0.5267050455,"26":0.5203331656,"27":0.5169814045,"28":0.5376507878,"29":0.5519850541},"score_W":{"0":0.0,"1":5.9231835503,"2":5.9231835503,"3":9.7484993205,"4":13.5612183644,"5":12.6761333215,"6":8.2638267771,"7":4.6118363191,"8":2.05327163,"9":0.9048727976,"10":0.1652664564,"11":15.4761236249,"12":15.4761236249,"13":17.492562859,"14":17.3484886196,"15":13.379233008,"16":8.2513844163,"17":4.490488539,"18":2.3181640172,"19":1.3714312802,"20":0.5287201896,"21":12.5270897597,"22":12.5270897597,"23":12.5270897597,"24":11.6464354431,"25":8.8661702903,"26":5.4426555696,"27":2.9592194074,"28":1.4045715002,"29":0.7240264505},"score_W_err":{"0":0.0,"1":0.2102412789,"2":0.2102412789,"3":0.342228076,"4":0.4900949256,"5":0.5426432609,"6":0.5401596907,"7":0.5298386764,"8":0.5495849575,"9":0.5257345678,"10":0.3099923902,"11":0.5199007609,"12":0.5199007609,"13":0.5423065574,"14":0.5388894397,"15":0.5257839902,"16":0.5122713923,"17":0.5073674752,"18":0.5071095443,"19":0.5100781531,"20":0.5,"21":0.5234468543,"22":0.5234468543,"23":0.5234468543,"24":0.5154874604,"25":0.5102875599,"26":0.5093835516,"27":0.5036613057,"28":0.5128902602,"29":0.5493288467}}